<?xml version="1.0" ?>
<swc xmlns="http://www.adobe.com/flash/swccatalog/9">
    <versions>
        <swc version="1.2"/>
        <compiler name="ActionScript Compiler" version="2.0.0" build="354209"/>
    </versions>
    <features>
        <feature-script-deps/>
    </features>
    <libraries>
        <library path="library.swf">
            <script name="com/assukar/air/android/attest/AndroidAttestController" mod="1606709960087">
                <def id="com.assukar.air.android.attest:AndroidAttestController"/>
                <dep id="Error" type="e"/>
                <dep id="Function" type="s"/>
                <dep id="com.assukar.air.android.attest.actions:AndroidAttestActions" type="e"/>
                <dep id="flash.events:Event" type="e"/>
                <dep id="flash.events:EventDispatcher" type="i"/>
                <dep id="flash.events:StatusEvent" type="s"/>
                <dep id="flash.external:ExtensionContext" type="s"/>
            </script>
            <script name="com/assukar/air/android/attest/actions/AndroidAttestActions" mod="1606709924579">
                <def id="com.assukar.air.android.attest.actions:AndroidAttestActions"/>
                <dep id="Boolean" type="s"/>
                <dep id="String" type="s"/>
                <dep id="flash.events:Event" type="i"/>
            </script>
            <digests>
                <digest type="SHA-256" signed="false" value="4284794e03ced8421b4d987ef505c694004b36792fe4320f6b3da5b5995fe303"/>
            </digests>
        </library>
    </libraries>
</swc>